IATA,Airport name,Location served
ABE,Lehigh Valley International Airport,"Allentown, Pennsylvania, United States"
ACK,Nantucket Memorial Airport,"Nantucket, Massachusetts, United States"
ACY,Atlantic City International Airport,"Atlantic City, New Jersey, United States"
ALB,Albany International Airport,"Albany, New York, United States"
APN,Alpena County Regional Airport,"Alpena, Michigan, United States"
ART,Watertown International Airport,"Watertown, New York, United States"
AUG,Augusta State Airport,"Augusta, Maine, United States"
AVL,Asheville Regional Airport,"Asheville, North Carolina, United States"
AVP,Wilkes-Barre/Scranton International Airport,"Wilkes-Barre / Scranton, Pennsylvania, United States"
AZO,Kalamazoo/Battle Creek International Airport,"Kalamazoo, Michigan, United States"
BDL,Bradley International Airport,"Windsor Locks / Hartford, Connecticut, United States"
BED,Laurence G. Hanscom Field,"Bedford, Massachusetts, United States"
BGM,Greater Binghamton Airport (Edwin A. Link Field),"Binghamton, New York, United States"
BGR,Bangor International Airport,"Bangor, Maine, United States"
BHB,Hancock County-Bar Harbor Airport,"Bar Harbor, Maine, United States"
BID,Block Island State Airport,"Block Island, Rhode Island, United States"
BOS,Logan International Airport,"Boston, Massachusetts, United States"
BTV,Burlington International Airport,"Burlington, Vermont, United States"
BUF,Buffalo Niagara International Airport,"Buffalo, New York, United States"
BWI,Baltimore/Washington International Thurgood Marshall Airport,"Baltimore–Washington metropolitan area, United States"
CAE,Columbia Metropolitan Airport,"Columbia, South Carolina, United States"
CAK,Akron-Canton Airport,"Akron / Canton, Ohio, United States"
CHO,Charlottesville–Albemarle Airport,"Charlottesville, Virginia, United States"
CHS,Charleston International Airport / Charleston Air Force Base,"Charleston, South Carolina, United States"
CIU,Chippewa County International Airport,"Sault Ste Marie, Michigan, United States"
CKB,North Central West Virginia Airport,"Clarksburg, West Virginia, United States"
CLE,Cleveland Hopkins International Airport,"Cleveland, Ohio, United States"
CLT,Charlotte Douglas International Airport,"Charlotte, North Carolina, United States"
CMH,John Glenn Columbus International Airport,"Columbus, Ohio, United States"
CMX,Houghton County Memorial Airport,"Hancock, Michigan, United States"
CRW,Yeager Airport,"Charleston, West Virginia, United States"
CVG,Cincinnati/Northern Kentucky International Airport,"Hebron (near Cincinnati/OH), Kentucky, United States"
DAY,Dayton International Airport,"Dayton, Ohio, United States"
DCA,Ronald Reagan Washington National Airport,"Arlington County (near Washington, D.C.), Virginia, United States"
DTW,Detroit Metropolitan Wayne County Airport,"Detroit, Michigan, United States"
DXR,Danbury Municipal Airport,"Danbury, Connecticut, United States"
ELM,Elmira/Corning Regional Airport,"Elmira / Corning, New York, United States"
ERI,Erie International Airport (Tom Ridge Field),"Erie, Pennsylvania, United States"
ESC,Delta County Airport,"Escanaba, Michigan, United States"
EWB,New Bedford Regional Airport,"New Bedford / Fall River, Massachusetts, United States"
EWN,Coastal Carolina Regional Airport,"New Bern, North Carolina, United States"
EWR,Newark Liberty International Airport,"Newark, New Jersey, United States"
FAY,Fayetteville Regional Airport (Grannis Field),"Fayetteville, North Carolina, United States"
FLO,Florence Regional Airport,"Florence, South Carolina, United States"
FNT,Bishop International Airport,"Flint, Michigan, United States"
GED,Delaware Coastal Airport,"Georgetown, Delaware, United States"
GRR,Gerald R. Ford International Airport,"Grand Rapids, Michigan, United States"
GSO,Piedmont Triad International Airport,"Greensboro, North Carolina, United States"
GSP,Greenville–Spartanburg International Airport,"Greenville / Spartanburg, South Carolina, United States"
HFD,Hartford–Brainard Airport,"Hartford, Connecticut, United States"
HGR,Hagerstown Regional Airport (Richard A. Henson Field),"Hagerstown, Maryland, United States"
HHH,Hilton Head Airport (FAA: HXD),"Hilton Head Island, South Carolina, United States"
HPN,Westchester County Airport,"White Plains, New York, United States"
HTS,Tri-State Airport (Milton J. Ferguson Field),"Huntington, West Virginia, United States"
HVN,Tweed New Haven Airport,"New Haven, Connecticut, United States"
HYA,Barnstable Municipal Airport (Boardman/Polando Field),"Hyannis, Massachusetts, United States"
IAD,Washington Dulles International Airport,"Washington, D.C.,1 United States"
IAG,Niagara Falls International Airport,"Niagara Falls, New York, United States"
ILG,Wilmington Airport (New Castle Airport),"Wilmington, Delaware, United States"
ILM,Wilmington International Airport,"Wilmington, North Carolina, United States"
IMT,Ford Airport,"Iron Mountain / Kingsford, Michigan, United States"
IPT,Williamsport Regional Airport,"Williamsport, Pennsylvania, United States"
ISP,Long Island MacArthur Airport,"Islip, New York, United States"
ITH,Ithaca Tompkins Regional Airport,"Ithaca, New York, United States"
JFK,John F. Kennedy International Airport,"New York City, New York, United States"
LAN,Capital Region International Airport,"Lansing, Michigan, United States"
LBE,Arnold Palmer Regional Airport,"Latrobe, Pennsylvania, United States"
LCK,Rickenbacker International Airport,"Columbus, Ohio, United States"
LEB,Lebanon Municipal Airport,"Lebanon / Hanover, New Hampshire, United States"
LEX,Blue Grass Airport,"Lexington, Kentucky, United States"
LGA,LaGuardia Airport,"New York City, New York, United States"
LWB,Greenbrier Valley Airport,"Lewisburg, West Virginia, United States"
LYH,Lynchburg Regional Airport (Preston Glenn Field),"Lynchburg, Virginia, United States"
MBS,MBS International Airport,"Saginaw / Midland / Bay City, Michigan, United States"
MDT,Harrisburg International Airport,"Harrisburg, Pennsylvania, United States"
MHT,Manchester–Boston Regional Airport,"Manchester, New Hampshire, United States"
MKG,Muskegon County Airport,"Muskegon, Michigan, United States"
MQT,Sawyer International Airport (FAA: SAW),"Marquette, Michigan, United States"
MVY,Martha's Vineyard Airport,"Vineyard Haven, Massachusetts, United States"
MYR,Myrtle Beach International Airport,"Myrtle Beach, South Carolina, United States"
NYC[1],metropolitan area2,"New York City, New York, United States"
OAJ,Albert J. Ellis Airport,"Jacksonville, North Carolina, United States"
OGS,Ogdensburg International Airport,"Ogdensburg, New York, United States"
ORF,Norfolk International Airport,"Norfolk, Virginia, United States"
ORH,Worcester Regional Airport,"Worcester, Massachusetts, United States"
OWB,Owensboro–Daviess County Airport,"Owensboro, Kentucky, United States"
OWD,Norwood Memorial Airport,"Norwood, Massachusetts, United States"
PAH,Barkley Regional Airport,"Paducah, Kentucky, United States"
PBG,Plattsburgh International Airport,"Plattsburgh, New York, United States"
PGV,Pitt–Greenville Airport,"Greenville, North Carolina, United States"
PHF,Newport News/Williamsburg International Airport,"Newport News / Williamsburg, Virginia, United States"
PHL,Philadelphia International Airport,"Philadelphia, Pennsylvania, United States"
PIT,Pittsburgh International Airport,"Pittsburgh, Pennsylvania, United States"
PLN,Pellston Regional Airport (Emmet County),"Pellston, Michigan, United States"
PQI,Northern Maine Regional Airport at Presque Isle,"Presque Isle, Maine, United States"
PSM,Portsmouth International Airport at Pease,"Portsmouth, New Hampshire, United States"
PVC,Provincetown Municipal Airport,"Provincetown, Massachusetts, United States"
PVD,Theodore Francis Green State Airport,"Providence, Rhode Island, United States"
PWM,Portland International Jetport,"Portland, Maine, United States"
RDU,Raleigh–Durham International Airport,"Raleigh / Durham, North Carolina, United States"
RIC,Richmond International Airport,"Richmond, Virginia, United States"
RKD,Knox County Regional Airport,"Rockland, Maine, United States"
ROA,Roanoke–Blacksburg Regional Airport (Woodrum Field),"Roanoke, Virginia, United States"
ROC,Greater Rochester International Airport,"Rochester, New York, United States"
RUT,Rutland – Southern Vermont Regional Airport,"Rutland, Vermont, United States"
SBY,Salisbury–Ocean City–Wicomico Regional Airport,"Salisbury / Ocean City, Maryland, United States"
SCE,University Park Airport (FAA: UNV),"State College, Pennsylvania, United States"
SDF,Louisville International Airport (Standiford Field),"Louisville, Kentucky, United States"
SHD,Shenandoah Valley Regional Airport,"Staunton / Waynesboro / Harrisonburg, Virginia, United States"
SWF,Stewart International Airport,"Newburgh, New York, United States"
SYR,Syracuse Hancock International Airport,"Syracuse, New York, United States"
TOL,Toledo Express Airport,"Toledo, Ohio, United States"
TTN,Trenton–Mercer Airport,"Trenton, New Jersey, United States"
TVC,Cherry Capital Airport,"Traverse City, Michigan, United States"
USA,Concord Regional Airport (FAA: JQF),"Concord, North Carolina, United States"
WST,Westerly State Airport,"Westerly, Rhode Island, United States"
YFC,Fredericton International Airport,"Fredericton, New Brunswick, Canada"
YHZ,Halifax Stanfield International Airport,"Halifax, Nova Scotia, Canada"
YNG,Youngstown–Warren Regional Airport,"Youngstown / Warren, Ohio, United States"
YOW,Ottawa Macdonald–Cartier International Airport,"Ottawa, Ontario, Canada"
YQB,Québec City Jean Lesage International Airport,"Quebec City, Quebec, Canada"
YQM,Greater Moncton International Airport,"Moncton, New Brunswick, Canada"
YQX,Gander International Airport / CFB Gander,"Gander, Newfoundland and Labrador, Canada"
YTZ,Billy Bishop Toronto City Airport (Toronto Island Airport),"Toronto, Ontario, Canada"
YUL,Montréal–Trudeau International Airport,"Montreal, Quebec, Canada"
YYT,St. John's International Airport,"St. John's, Newfoundland and Labrador, Canada"
YYZ,Toronto Pearson International Airport,"Toronto, Ontario, Canada"
AAQ,Anapa Airport,"Anapa, Krasnodar Krai, Russia"
ACE,Lanzarote Airport,"Lanzarote, Canary Islands, Spain"
ACH,St. Gallen–Altenrhein Airport,"Altenrhein, Switzerland"
AER,Sochi International Airport,"Sochi, Krasnodar Krai, Russia"
AGP,Málaga Airport,"Málaga, Andalusia, Spain"
AJA,Ajaccio Napoleon Bonaparte Airport,"Ajaccio, Corsica, France"
ALC,Alicante–Elche Airport,"Alicante, Valencia, Spain"
AMS,Amsterdam Airport Schiphol,"Amsterdam, Netherlands"
ANR,Antwerp International Airport,"Antwerp, Belgium"
ATH,Athens International Airport (Eleftherios Venizelos Airport),"Athens, Greece"
BCN,Barcelona–El Prat Airport,"Barcelona, Catalonia, Spain"
BDS,Brindisi – Salento Airport,"Brindisi, Apulia, Italy"
BEG,Belgrade Nikola Tesla Airport,"Belgrade, Serbia"
BER,Berlin Brandenburg Airport,"Berlin, Germany"
BES,Brest Bretagne Airport,"Brest, Brittany, France"
BGY,Il Caravaggio International Airport (Orio al Serio Airport),"Milan / Bergamo, Lombardy, Italy"
BIA,Bastia – Poretta Airport,"Bastia, Corsica, France"
BLQ,Bologna Guglielmo Marconi Airport,"Bologna, Emilia-Romagna, Italy"
BOD,Bordeaux–Mérignac Airport,"Bordeaux, Aquitaine, France"
BOJ,Burgas Airport,"Burgas, Bulgaria"
BRE,Bremen Airport,"Bremen, Bremen, Germany"
BRI,Bari Karol Wojtyła Airport,"Bari, Apulia, Italy"
BRN,Bern Airport,"Bern, Switzerland"
BRQ,Brno–Tuřany Airport,"Brno, Czech Republic"
BRU,Brussels Airport (Zaventem Airport),"Brussels, Belgium"
BSL,EuroAirport Basel-Mulhouse-Freiburg,"Basel, Switzerland"
BTS,M. R. Štefánik Airport,"Bratislava, Slovakia"
BUD,Budapest Ferenc Liszt International Airport,"Budapest, Hungary"
BVA,Beauvais–Tillé Airport,"Beauvais, Picardy, France"
BZG,Bydgoszcz Ignacy Jan Paderewski Airport,"Bydgoszcz, Poland"
BZY,Bălți International Airport,"Bălți, Moldova"
CAG,Cagliari Elmas Airport,"Cagliari, Sardinia, Italy"
CDG,Charles de Gaulle Airport (Roissy Airport),"Paris, Île-de-France, France"
CFU,Corfu International Airport (Ioannis Kapodistrias Int'l Airport),"Corfu, Greece"
CGN,Cologne Bonn Airport,"Cologne / Bonn, North Rhine-Westphalia, Germany"
CHQ,"Chania International Airport (""Ioannis Daskalogiannis"")","Chania, Greece"
CIA,Ciampino–G. B. Pastine International Airport,"Rome, Lazio, Italy"
CLJ,Cluj-Napoca International Airport,"Cluj-Napoca, Romania"
CTA,Catania–Fontanarossa Airport,"Catania, Sicily, Italy"
DBV,Dubrovnik Airport,"Dubrovnik, Croatia"
DEB,Debrecen International Airport,"Debrecen, Hungary"
DME,Domodedovo International Airport,"Moscow, Russia"
DNK,Dnipro International Airport,"Dnipro, Ukraine"
DRS,Dresden Airport,"Dresden, Saxony, Germany"
DTM,Dortmund Airport,"Dortmund, North Rhine-Westphalia, Germany"
DUS,Düsseldorf Airport,"Düsseldorf, North Rhine-Westphalia, Germany"
EAP[1],metropolitan area2,"Basel, Switzerland / Mulhouse, Alsace, France"
EIN,Eindhoven Airport,"Eindhoven, Netherlands"
FAO,Faro Airport,"Faro, Portugal"
FCO,Leonardo da Vinci–Fiumicino Airport,"Rome, Lazio, Italy"
FLR,"Florence Airport, Peretola (Amerigo Vespucci Airport)","Florence, Tuscany, Italy"
FMM,Memmingen Airport,"Memmingen, Bavaria, Germany"
FNC,Madeira Airport,"Funchal, Madeira, Portugal"
FRA,Frankfurt Airport,"Frankfurt, Hessen, Germany"
FUE,Fuerteventura Airport,"Fuerteventura, Canary Islands, Spain"
GDN,Gdańsk Lech Wałęsa Airport,"Gdańsk, Poland"
GIB,Gibraltar International Airport (North Front Airport),British Overseas Territory of Gibraltar
GOA,Genoa Cristoforo Colombo Airport,"Genoa, Liguria, Italy"
GRQ,Groningen Airport Eelde,"Groningen, Netherlands"
GVA,Geneva Airport,"Geneva, Switzerland"
HAJ,Hannover Airport,"Hanover, Lower Saxony, Germany"
HAM,Hamburg Airport,"Hamburg, Germany"
HER,Heraklion International Airport (Nikos Kazantzakis Airport),"Heraklion, Greece"
HOR,Horta Airport,"Horta, Azores, Portugal"
HRK,Kharkiv International Airport (Osnova Airport),"Kharkiv, Ukraine"
IAS,Iași International Airport,"Iași, Romania"
IBZ,Ibiza Airport,"Ibiza, Balearic Islands, Spain"
IEV,Kyiv International Airport (Zhuliany),"Kyiv, Ukraine"
INI,Niš Constantine the Great Airport,"Niš, Serbia"
INN,Innsbruck Airport (Kranebitten Airport),"Innsbruck, Austria"
JMK,Mykonos Island National Airport,"Mykonos, Greece"
JTR,Santorini (Thira) National Airport,"Santorini (Thira), Greece"
KBP,Boryspil International Airport,"Kyiv, Ukraine"
KGD,Khrabrovo Airport,"Kaliningrad, Kaliningrad Oblast, Russia"
KGS,Kos Island International Airport,"Kos, Greece"
KIV,Chișinău International Airport,"Chișinău, Moldova"
KJK,Kortrijk–Wevelgem International Airport,"Kortrijk, Belgium"
KLV,Karlovy Vary Airport,"Karlovy Vary, Czech Republic"
KRK,John Paul II International Airport Kraków–Balice,"Kraków, Poland"
KRR,Krasnodar International Airport (Pashkovsky Airport),"Krasnodar, Krasnodar Krai, Russia"
KSC,Košice International Airport,"Košice, Slovakia"
KTW,Katowice International Airport,"Katowice, Poland"
KUN,Kaunas International Airport,"Kaunas, Lithuania"
LCJ,Łódź Władysław Reymont Airport,"Łódź, Poland"
LED,Pulkovo Airport,"Saint Petersburg, Russia"
LEJ,Leipzig/Halle Airport,"Leipzig, Saxony / Halle, Saxony-Anhalt,2 Germany"
LEU,La Seu d'Urgell Airport,"La Seu d'Urgell, Catalonia, Spain"
LIL,Lille Airport (Lille–Lesquin Airport),"Lille, Nord-Pas-de-Calais, France"
LIN,Linate Airport,"Milan, Lombardy, Italy"
LIS,Lisbon Portela Airport,"Lisbon, Portugal"
LJU,Ljubljana Jože Pučnik Airport (Brnik Airport),"Ljubljana, Slovenia"
LPA,Gran Canaria Airport,"Gran Canaria, Canary Islands, Spain"
LPX,Liepāja International Airport,"Liepāja, Latvia"
LUG,Lugano Airport,"Lugano, Switzerland"
LUX,Luxembourg Findel Airport,"Luxembourg, Luxembourg"
LUZ,Lublin Airport,"Lublin, Poland"
LWO,Lviv Danylo Halytskyi International Airport,"Lviv, Ukraine"
LYS,Lyon–Saint-Exupéry Airport,"Lyon, Rhône-Alpes, France"
MAD,Adolfo Suárez Madrid–Barajas Airport,"Madrid, Spain"
MAH,Menorca Airport (Mahón Airport),"Menorca, Balearic Islands, Spain"
MLA,Malta International Airport (Luqa Airport),"Luqa, Malta"
MOW[1],metropolitan area3,"Moscow, Russia"
MPL,Montpellier–Méditerranée Airport (Fréjorgues Airport),"Montpellier, Languedoc-Roussillon, France"
MRS,Marseille Provence Airport,"Marseille, Provence-Alpes-Côte d'Azur, France"
MSQ,Minsk National Airport,"Minsk, Belarus"
MST,Maastricht Aachen Airport,"Maastricht, Netherlands"
MUC,Munich Airport,"Munich, Bavaria, Germany"
MXP,Milan–Malpensa Airport,"Milan, Lombardy, Italy"
NAP,Naples International Airport,"Naples, Campania, Italy"
NCE,Nice Côte d'Azur Airport,"Nice, Provence-Alpes-Côte d'Azur, France"
NTE,Nantes Atlantique Airport,"Nantes, Pays de la Loire, France"
NUE,Nuremberg Airport,"Nuremberg, Bavaria, Germany"
ODS,Odesa International Airport,"Odesa, Ukraine"
OLB,Olbia Costa Smeralda Airport,"Olbia, Sardinia, Italy"
OPO,Francisco de Sá Carneiro Airport,"Porto, Portugal"
ORY,Orly Airport,"Paris, Île-de-France, France"
OSR,Leoš Janáček Airport Ostrava,"Ostrava, Czech Republic"
OST,Ostend–Bruges International Airport,"Ostend / Bruges, Belgium"
OTP,Henri Coandă International Airport,"Bucharest, Romania"
OZH,Zaporizhzhia International Airport,"Zaporizhzhia, Ukraine"
PDL,João Paulo II Airport,"Ponta Delgada, Azores, Portugal"
PED,Pardubice Airport,"Pardubice, Czech Republic"
PLQ,Palanga International Airport,"Palanga, Lithuania"
PMI,Palma de Mallorca Airport,"Palma de Mallorca, Balearic Islands, Spain"
PMO,Falcone–Borsellino Airport (Punta Raisi Airport),"Palermo, Sicily, Italy"
POZ,Poznań–Ławica Airport,"Poznań, Poland"
PRG,Václav Havel Airport Prague,"Prague, Czech Republic"
PRN,Pristina International Airport,"Pristina, Kosovo"
PSA,Pisa International Airport (Galileo Galilei Airport),"Pisa, Tuscany, Italy"
PUY,Pula Airport,"Pula, Croatia"
PXO,Porto Santo Airport,"Porto Santo Island, Madeira, Portugal"
RHO,Rhodes International Airport,"Rhodes, Greece"
RIX,Riga International Airport,"Riga, Latvia"
RMI,Federico Fellini International Airport,"Rimini, Emilia-Romagna, Italy"
RTM,Rotterdam The Hague Airport,"Rotterdam, Netherlands"
RVI,Rostov-on-Don Airport,"Rostov-on-Don, Rostov Oblast, Russia"
RZE,Rzeszów–Jasionka Airport,"Rzeszów, Poland"
SBZ,Sibiu International Airport,"Sibiu, Romania"
SIR,Sion Airport,"Sion, Switzerland"
SJJ,Sarajevo International Airport,"Sarajevo, Bosnia and Herzegovina"
SKG,"Thessaloniki Airport ""Macedonia""","Thessaloniki, Greece"
SKP,"Skopje ""Alexander the Great"" Airport","Skopje, North Macedonia"
SLD,Sliač Airport,"Sliač, Slovakia"
SMA,Santa Maria Airport,"Santa Maria Island, Azores, Portugal"
SOF,Sofia Airport,"Sofia, Bulgaria"
SPU,Split Airport,"Split, Croatia"
STR,Stuttgart Airport,"Stuttgart, Baden-Württemberg, Germany"
SVO,Sheremetyevo International Airport,"Moscow, Russia"
SVQ,Seville Airport,"Seville, Andalusia, Spain"
SXB,Strasbourg Airport,"Strasbourg, Alsace, France"
SZG,Salzburg Airport,"Salzburg, Austria"
SZZ,"""Solidarity"" Szczecin–Goleniów Airport","Szczecin, Poland"
TAT,Poprad–Tatry Airport,"Poprad, Slovakia"
TER,Lajes Airport,"Terceira Island, Azores, Portugal"
TFN,Tenerife–North Airport (Los Rodeos Airport),"Tenerife, Canary Islands, Spain"
TFS,Tenerife–South Airport (Reina Sofia Airport),"Tenerife, Canary Islands, Spain"
TGD,Podgorica Airport,"Podgorica, Montenegro"
TIA,Tirana International Airport Nënë Tereza,"Tirana, Albania"
TIV,Tivat Airport,"Tivat, Montenegro"
TLS,Toulouse–Blagnac Airport,"Toulouse, Midi-Pyrénées, France"
TRN,Turin Airport (Caselle Airport),"Turin, Piedmont, Italy"
TSR,Timișoara Traian Vuia International Airport,"Timișoara, Romania"
TZL,Tuzla International Airport,"Tuzla, Bosnia and Herzegovina"
VAR,Varna Airport,"Varna, Bulgaria"
VCE,Venice Marco Polo Airport,"Venice, Veneto, Italy"
VIE,Vienna International Airport,"Vienna, Austria"
VKO,Vnukovo International Airport,"Moscow, Russia"
VLC,Valencia Airport,"Valencia, Valencian Community, Spain"
VNO,Vilnius Airport,"Vilnius, Lithuania"
VOG,Volgograd International Airport,"Volgograd, Volgograd Oblast, Russia"
VRN,Verona Villafranca Airport,"Verona, Veneto, Italy"
WAW,Warsaw Chopin Airport,"Warsaw, Poland"
WMI,Warsaw Modlin Airport,"Warsaw, Poland"
WRO,Copernicus Airport Wrocław,"Wrocław, Poland"
ZAG,Franjo Tuđman Airport,"Zagreb, Croatia"
ZIA,Ramenskoye Airport[1] (Zhukovsky Airport),"Zhukovsky, Moscow Oblast, Russia"
ZRH,Zurich Airport,"Zürich, Switzerland"
ZTH,Zakynthos International Airport (Dionysios SolomosAirport),"Zakynthos, Greece"
AAE,Rabah Bitat Airport (Les Salines Airport),"Annaba, Algeria"
ABJ,Port Bouet Airport (Felix Houphouet Boigny Int'l),"Abidjan, Côte d'Ivoire"
ABO,Aboisso Airport,"Aboisso, Côte d'Ivoire"
ABV,Nnamdi Azikiwe International Airport,"Abuja, Nigeria"
ACC,Kotoka International Airport,"Accra, Ghana"
ADD,Bole International Airport,"Addis Ababa, Ethiopia"
AGA,Agadir–Al Massira Airport,"Agadir, Morocco"
ALG,Houari Boumediene Airport,"Algiers, Algeria"
ARK,Arusha Airport,"Arusha, Tanzania"
ASK,Yamoussoukro Airport,"Yamoussoukro, Côte d'Ivoire"
ASM,Asmara International Airport,"Asmara, Eritrea"
BBK,Kasane Airport,"Kasane, Botswana"
BEN,Benina International Airport,"Benghazi, Libya"
BGF,Bangui M'Poko International Airport,"Bangui, Central African Republic"
BJL,Banjul International Airport,"Banjul, Gambia"
BJM,Bujumbura International Airport,"Bujumbura, Burundi"
BKO,Bamako–Sénou International Airport,"Bamako, Mali"
BLJ,Mostépha Ben Boulaid Airport,"Batna, Algeria"
BLZ,Chileka International Airport,"Blantyre, Malawi"
BNI,Benin Airport,"Benin City, Nigeria"
BOY,Bobo Dioulasso Airport,"Bobo-Dioulasso, Burkina Faso"
BSK,Biskra Airport,"Biskra, Algeria"
BTE,Sherbro International Airport,"Bonthe, Sierra Leone"
BVC,Aristides Pereira International Airport (Rabil Airport),"Boa Vista, Cape Verde"
BZV,Maya-Maya Airport,"Brazzaville, Republic of the Congo"
CAB,Cabinda Airport,"Cabinda, Angola"
CAI,Cairo International Airport,"Cairo, Egypt"
CKY,Conakry International Airport (Gbessia Int'l Airport),"Conakry, Guinea"
CMN,Mohammed V International Airport,"Casablanca, Morocco"
COO,Cadjehoun Airport,"Cotonou, Benin"
CPT,Cape Town International Airport,"Cape Town, South Africa"
CSK,Cap Skirring Airport,"Cap Skirring, Senegal"
CZL,Mohamed Boudiaf International Airport,"Constantine, Algeria"
DAR,Julius Nyerere International Airport,"Dar es Salaam, Tanzania"
DJE,Djerba–Zarzis International Airport,"Djerba, Tunisia"
DKR,Léopold Sédar Senghor International Airport,"Dakar, Senegal"
DLA,Douala International Airport,"Douala, Cameroon"
DUR,King Shaka International Airport,"Durban, South Africa"
EBB,Entebbe International Airport,"Entebbe, Uganda"
ELF,El Fasher Airport,"El Fasher, Sudan"
FBM,Lubumbashi International Airport,"Lubumbashi, Democratic Republic of the Congo"
FEZ,Fes–Saïss Airport,"Fez, Morocco"
FIH,N'djili Airport (Kinshasa Int'l Airport),"Kinshasa, Democratic Republic of the Congo"
FNA,Lungi International Airport,"Freetown, Sierra Leone"
HAH,Prince Said Ibrahim International Airport,"Moroni, Comoros"
HDS,Air Force Base Hoedspruit,"Hoedspruit, South Africa"
HGA,Hargeisa International Airport (Egal Int'l),"Hargeisa, Somalia"
HRE,Harare International Airport,"Harare, Zimbabwe"
HRG,Hurghada International Airport,"Hurghada, Egypt"
JIB,Djibouti–Ambouli International Airport,"Djibouti, Djibouti"
JNB,O. R. Tambo International Airport,"Johannesburg, South Africa"
JRO,Kilimanjaro International Airport,"Kilimanjaro, Tanzania"
JUB,Juba International Airport,"Juba, South Sudan"
KAN,Mallam Aminu Kano International Airport,"Kano, Nigeria"
KGL,Kigali International Airport (Kanombe Airport),"Kigali, Rwanda"
KRT,Khartoum International Airport,"Khartoum, Sudan"
LAD,Quatro de Fevereiro Airport,"Luanda, Angola"
LBV,Libreville International Airport,"Libreville, Gabon"
LFW,Lomé–Tokoin Airport (Gnassingbé Eyadéma Int'l),"Lomé, Togo"
LLW,Lilongwe International Airport (Kamuzu Int'l),"Lilongwe, Malawi"
LOS,Murtala Muhammed International Airport,"Lagos, Nigeria"
LUN,Kenneth Kaunda International Airport,"Lusaka, Zambia"
LVI,Harry Mwanga Nkumbula International Airport,"Livingstone, Zambia"
LXR,Luxor International Airport,"Luxor, Egypt"
MBA,Moi International Airport,"Mombasa, Kenya"
MGQ,Aden Adde International Airport,"Mogadishu, Somalia"
MIR,Monastir Habib Bourguiba International Airport,"Monastir, Tunisia"
MPM,Maputo International Airport,"Maputo, Mozambique"
MRA,Misrata Airport,"Misrata, Libya"
MRU,Sir Seewoosagur Ramgoolam International Airport,"Plaine Magnien, Mauritius"
MSU,Moshoeshoe I International Airport,"Maseru, Lesotho"
MSW,Massawa International Airport,"Massawa, Eritrea"
MUB,Maun Airport,"Maun, Botswana"
NBE,Enfidha-Hammamet International Airport,"Enfidha, Tunisia"
NBO,Jomo Kenyatta International Airport,"Nairobi, Kenya"
NDB,Nouadhibou International Airport,"Nouadhibou, Mauritania"
NDJ,N'Djamena International Airport,"N'Djamena, Chad"
NDR,Nador International Airport,"Nador, Morocco"
NIM,Diori Hamani International Airport,"Niamey, Niger"
NKC,Nouakchott–Oumtounsy International Airport,"Nouakchott, Mauritania"
NLA,Simon Mwansa Kapwepwe International Airport,"Ndola, Zambia"
NOS,Fascene Airport[1],"Nosy Be, Madagascar"
NSI,Yaoundé Nsimalen International Airport,"Yaoundé, Cameroon"
OGO,Abengourou Airport[1],"Abengourou, Ivory Coast"
ORN,Oran Es Sénia Airport,"Oran, Algeria"
OUA,Ouagadougou Airport,"Ouagadougou, Burkina Faso"
OXB,Osvaldo Vieira International Airport,"Bissau, Guinea-Bissau"
PHC,Port Harcourt International Airport,"Port Harcourt, Nigeria"
PKO,Parakou Airport,"Parakou, Benin"
PZU,Port Sudan New International Airport,"Port Sudan, Sudan"
QSF,Ain Arnat Airport,"Sétif, Algeria"
RAI,Nelson Mandela International Airport,"Praia, Cape Verde"
RAK,Marrakesh Menara Airport,"Marrakesh, Morocco"
RBA,Rabat–Salé Airport,"Rabat, Morocco"
ROB,Roberts International Airport,"Monrovia, Liberia"
RUN,Roland Garros Airport,"St-Denis, Réunion, France"
SEZ,Seychelles International Airport,"Mahé, Seychelles"
SFA,Sfax–Thyna International Airport,"Sfax, Tunisia"
SHO,King Mswati III International Airport[1] (Sikhuphe Int'l),"Manzini, Swaziland"
SID,Amílcar Cabral International Airport,"Sal, Cape Verde"
SSG,Malabo International Airport (Saint Isabel Airport),"Malabo, Equatorial Guinea"
SSH,Sharm el-Sheikh International Airport,"Sharm el-Sheikh, Egypt"
SZA,Soyo Airport[1],"Soyo, Angola"
TIP,Tripoli International Airport,"Tripoli, Libya"
TLM,Zenata – Messali El Hadj Airport[1],"Tlemcen, Algeria"
TMS,São Tomé International Airport,"São Tomé, São Tomé and Príncipe"
TNG,Tangier Ibn Battouta Airport,"Tangier, Morocco"
TNR,Ivato International Airport,"Antananarivo, Madagascar"
TUN,Tunis–Carthage International Airport,"Tunis, Tunisia"
UYL,Nyala Airport,"Nyala, Sudan"
VFA,Victoria Falls Airport,"Victoria Falls, Zimbabwe"
VIL,Dakhla Airport,"Dakhla, Morocco"
WDH,Hosea Kutako International Airport,"Windhoek, Namibia"
ZIG,Ziguinchor Airport,"Ziguinchor, Senegal"
ZNZ,Abeid Amani Karume International Airport,"Zanzibar, Tanzania"
ADE,Aden International Airport,"Aden, Yemen"
ALP,Aleppo International Airport,"Aleppo, Syria"
AMM,Queen Alia International Airport,"Amman, Jordan"
ASR,Erkilet International Airport,"Kayseri, Turkey"
AUH,Abu Dhabi International Airport,"Abu Dhabi, United Arab Emirates"
AYT,Antalya Airport,"Antalya, Turkey"
BAH,Bahrain International Airport,"Manama, Bahrain"
BEY,Beirut–Rafic Hariri International Airport / Beirut Air Base,"Beirut, Lebanon"
BGW,Baghdad International Airport,"Baghdad, Iraq"
BSR,Basra International Airport,"Basra, Iraq"
BUS,Batumi International Airport (Alexander Kartveli Batumi Int'l Airport),"Batumi, Georgia"
BXN,Bodrum-Imsik Airport,"Bodrum, Turkey"
DAM,Damascus International Airport,"Damascus, Syria"
DMM,King Fahd International Airport,"Dammam, Saudi Arabia"
DOH,Hamad International Airport,"Doha, Qatar"
DWC,Al Maktoum International Airport,"Dubai, United Arab Emirates"
DXB,Dubai International Airport,"Dubai, United Arab Emirates"
EBL,Erbil International Airport,"Erbil, Iraq"
ESB,Esenboğa International Airport,"Ankara, Turkey"
EVN,Zvartnots International Airport,"Yerevan, Armenia"
GYD,Heydar Aliyev International Airport,"Baku, Azerbaijan"
IFN,Isfahan International Airport (Shahid Beheshti Int'l),"Isfahan, Iran"
IKA,Tehran Imam Khomeini International Airport,"Tehran, Iran"
ISL,Istanbul Atatürk Airport,"Istanbul, Turkey"
IST,Istanbul New Airport,"Istanbul, Turkey"
ISU,Sulaimaniyah International Airport,"Sulaymaniyah, Iraq"
JED,King Abdulaziz International Airport,"Jeddah, Saudi Arabia"
JRS,Atarot Airport (Jerusalem International Airport),"Jerusalem, Israel1"
KUT,David the Builder Kutaisi International Airport,"Kutaisi, Georgia"
KWI,Kuwait International Airport,"Kuwait City, Kuwait"
LCA,Larnaca International Airport,"Larnaca, Cyprus"
LTK,Bassel Al-Assad International Airport,"Latakia, Syria"
MCT,Muscat International Airport,"Muscat, Oman"
MED,Prince Mohammad bin Abdulaziz Airport,"Medina, Saudi Arabia"
MHD,Mashhad International Airport (Shahid Hashemi Nejad Airport),"Mashhad, Iran"
NAV,Nevşehir Kapadokya Airport,"Nevşehir, Turkey"
NIC,Nicosia International Airport1,"Nicosia, Cyprus"
NJF,Al Najaf International Airport,"Al Najaf, Iraq"
PFO,Paphos International Airport,"Paphos, Cyprus"
RUH,King Khalid International Airport,"Riyadh, Saudi Arabia"
SAH,Sana'a International Airport (El Rahaba Airport),"Sana'a, Yemen"
SAW,Sabiha Gökçen International Airport,"Istanbul, Turkey"
SHJ,Sharjah International Airport,"Sharjah, United Arab Emirates"
SLL,Salalah International Airport,"Salalah, Oman"
SYZ,Shiraz International Airport (Shahid Dastghaib Int'l),"Shiraz, Iran"
TBS,Tbilisi International Airport,"Tbilisi, Georgia"
TBZ,Tabriz International Airport,"Tabriz, Iran"
TLV,Ben Gurion Airport,"Tel Aviv, Israel"
ALA,Almaty International Airport,"Almaty, Kazakhstan"
AMD,Sardar Vallabhbhai Patel International Airport,"Ahmedabad, Gujarat, India"
ASB,Ashgabat International Airport,"Ashgabat, Turkmenistan"
BLR,Kempegowda International Airport,"Bangalore, Karnataka, India"
BOM,Chhatrapati Shivaji International Airport,"Mumbai, Maharashtra, India"
CCJ,Calicut International Airport,"Kozhikode (Calicut), Kerala, India"
CCU,Netaji Subhas Chandra Bose International Airport,"Kolkata, West Bengal, India"
CEK,Chelyabinsk Airport,"Chelyabinsk, Chelyabinsk Oblast, Russia"
CIT,Shymkent International Airport,"Shymkent, Kazakhstan"
CMB,Bandaranaike International Airport,"Colombo, Sri Lanka"
COK,Cochin International Airport (Nedumbassery Airport),"Kochi (Cochin), Kerala, India"
DEL,Indira Gandhi International Airport,"Delhi, India"
DYU,Dushanbe International Airport,"Dushanbe, Tajikistan"
FRU,Manas International Airport,"Bishkek, Kyrgyzstan"
GOI,Goa International Airport (Dabolim Airport),"Dabolim, Goa, India"
GOJ,Nizhny Novgorod International Airport (Strigino Airport),"Nizhny Novgorod, Nizhny Novgorod Oblast, Russia"
GUW,Atyrau Airport,"Atyrau, Kazakhstan"
HMA,Khanty-Mansiysk Airport,"Khanty-Mansiysk, Khanty-Mansi Autonomous Okrug, Russia"
HRI,Mattala Rajapaksa International Airport,"Hambantota, Sri Lanka"
HYD,Rajiv Gandhi International Airport,"Hyderabad, Telangana, India"
JAI,Jaipur International Airport,"Jaipur, Rajasthan, India"
KBL,Hamid Karzai International Airport,"Kabul, Afghanistan"
KGF,Sary-Arka Airport,"Karaganda, Kazakhstan"
KHI,Jinnah International Airport,"Karachi, Pakistan"
KTM,Tribhuvan International Airport,"Kathmandu, Nepal"
KUF,Kurumoch International Airport,"Samara, Samara Oblast, Russia"
KZN,Kazan International Airport,"Kazan, Tatarstan, Russia"
LHE,Allama Iqbal International Airport,"Lahore, Pakistan"
MAA,Chennai International Airport,"Chennai, Tamil Nadu, India"
MLE,Ibrahim Nasir International Airport,"Malé, Maldives"
OMS,Omsk Tsentralny Airport,"Omsk, Omsk Oblast, Russia"
OVB,Tolmachevo Airport,"Novosibirsk, Novosibirsk Oblast, Russia"
PEE,Perm International Airport (Bolshoye Savino Airport),"Perm, Perm Krai, Russia"
PEW,Bacha Khan International Airport,"Peshawar, Pakistan"
SCO,Aktau Airport,"Aktau, Kazakhstan"
SGC,Surgut International Airport,"Surgut, Khanty-Mansi Autonomous Okrug, Russia"
SVX,Koltsovo International Airport,"Yekaterinburg, Sverdlovsk Oblast, Russia"
TAS,Tashkent International Airport,"Tashkent, Uzbekistan"
TJM,Roshchino International Airport,"Tyumen, Tyumen Oblast, Russia"
TRV,Trivandrum International Airport,"Thiruvananthapuram, Kerala, India"
TSE,Astana International Airport,"Astana, Kazakhstan"
UFA,Ufa International Airport,"Ufa, Bashkortostan, Russia"
BDO,Husein Sastranegara International Airport,"Bandung, Indonesia"
BKI,Kota Kinabalu International Airport,"Kota Kinabalu, Sabah, Malaysia"
BKK,Suvarnabhumi Airport,"Bangkok, Thailand"
BWN,Brunei International Airport,"Bandar Seri Begawan, Brunei"
CEI,Chiang Rai International Airport (Mae Fah Luang Int'l),"Chiang Rai, Thailand"
CGK,Soekarno–Hatta International Airport,"Jakarta, Indonesia"
CGP,Shah Amanat International Airport,"Chittagong, Bangladesh"
CNX,Chiang Mai International Airport,"Chiang Mai, Thailand"
DAC,Shahjalal International Airport,"Dhaka, Bangladesh"
DAD,Da Nang International Airport,"Da Nang, Vietnam"
DMK,Don Mueang International Airport,"Bangkok, Thailand"
DPS,Ngurah Rai International Airport,"Denpasar (Bali), Indonesia"
HAN,Noi Bai International Airport,"Hanoi, Vietnam"
HKT,Phuket International Airport,"Phuket, Thailand"
JHB,Senai International Airport,"Johor Bahru, Johor, Malaysia"
JOG,Adisucipto International Airport,"Yogyakarta, Indonesia"
KBV,Krabi Airport,"Krabi, Thailand"
KCH,Kuching International Airport,"Kuching, Sarawak, Malaysia"
KUL,Kuala Lumpur International Airport,"Kuala Lumpur,1 Malaysia"
LGK,Langkawi International Airport,"Langkawi, Kedah, Malaysia"
LPQ,Luang Prabang International Airport,"Luang Prabang, Laos"
PBH,Paro International Airport,"Paro, Bhutan"
PEN,Penang International Airport,"Penang, Malaysia"
PKU,Sultan Syarif Kasim II International Airport,"Pekanbaru, Indonesia"
PLM,Sultan Mahmud Badaruddin II International Airport,"Palembang, Indonesia"
PNH,Phnom Penh International Airport,"Phnom Penh, Cambodia"
REP,Siem Reap International Airport (Angkor Int'l),"Siem Reap, Cambodia"
SGN,Tan Son Nhat International Airport,"Ho Chi Minh City, Vietnam"
SIN,Singapore Changi Airport,Singapore
SUB,Juanda International Airport,"Surabaya, Indonesia"
UPG,Sultan Hasanuddin International Airport,"Makassar, Indonesia"
USM,Samui Airport,"Ko Samui, Thailand"
VTE,Wattay International Airport,"Vientiane, Laos"
CAN,Guangzhou Baiyun International Airport,"Guangzhou, Guangdong, China"
CEB,Mactan–Cebu International Airport,"Lapu-Lapu, Philippines"
CGO,Zhengzhou Xinzheng International Airport,"Zhengzhou, Henan, China"
CJU,Jeju International Airport,"Jeju, South Korea"
CKG,Chongqing Jiangbei International Airport,"Chongqing, China"
CRK,Clark International Airport,"Clark Special Economic Zone, Philippines"
CSX,Changsha Huanghua International Airport,"Changsha, Hunan, China"
CTS,New Chitose Airport,"Sapporo, Hokkaido, Japan"
CTU,Chengdu Shuangliu International Airport,"Chengdu, Sichuan, China"
DIL,Presidente Nicolau Lobato International Airport,"Dili, East Timor"
DLC,Dalian Zhoushuizi International Airport,"Dalian, Liaoning, China"
DVO,Francisco Bangoy International Airport,"Davao City, Philippines"
FNJ,Pyongyang Sunan International Airport,"Pyongyang, North Korea"
FOC,Fuzhou Changle International Airport,"Fuzhou, Fujian, China"
FUK,Fukuoka Airport (Itazuke Air Base),"Fukuoka, Kyushu, Japan"
GMP,Gimpo International Airport,"Seoul, South Korea"
GUM,Antonio B. Won Pat International Airport (Guam Int'l),"Hagåtña, Guam"
HAK,Haikou Meilan International Airport,"Haikou, Hainan, China"
HGH,Hangzhou Xiaoshan International Airport,"Hangzhou, Zhejiang, China"
HKG,Hong Kong International Airport (Chek Lap Kok Airport),Hong Kong
HND,Haneda Airport,"Tokyo, Honshu, Japan"
HRB,Harbin Taiping International Airport,"Harbin, Heilongjiang, China"
ICN,Incheon International Airport,"Seoul, South Korea"
IKT,International Airport Irkutsk,"Irkutsk, Irkutsk Oblast, Russia"
ITM,Osaka International Airport (Itami Int'l),"Osaka, Honshu, Japan"
KHH,Kaohsiung International Airport,"Kaohsiung, Taiwan"
KHV,Khabarovsk Novy Airport,"Khabarovsk, Khabarovsk Krai, Russia"
KIX,Kansai International Airport,"Osaka, Honshu, Japan"
KJA,Yemelyanovo International Airport,"Krasnoyarsk, Krasnoyarsk Krai, Russia"
KLO,Kalibo International Airport,"Kalibo, Philippines"
KMG,Kunming Changshui International Airport,"Kunming, Yunnan, China"
KWE,Guiyang Longdongbao International Airport,"Guiyang, Guizhou, China"
KWL,Guilin Liangjiang International Airport,"Guilin, Guangxi, China"
MNL,Ninoy Aquino International Airport / Villamor Air Base,"Manila, Philippines"
MXV,Mörön Airport,"Mörön, Mongolia"
NGB,Ningbo Lishe International Airport,"Ningbo, Zhejiang, China"
NGO,Chūbu Centrair International Airport,"Nagoya, Honshu, Japan"
NKG,Nanjing Lukou International Airport,"Nanjing, Jiangsu, China"
NNG,Nanning Wuxu International Airport,"Nanning, Guangxi, China"
NRT,Narita International Airport,"Tokyo, Honshu, Japan"
OKA,Naha Airport,"Okinawa, Ryukyu Islands, Japan"
PEK,Beijing Capital International Airport,"Beijing, China"
PKX,Beijing Daxing International Airport,"Beijing, China"
PUS,Gimhae International Airport,"Busan, South Korea"
PVG,Shanghai Pudong International Airport,"Shanghai, China"
SDJ,Sendai Airport,"Sendai, Honshu, Japan"
SHA,Shanghai Hongqiao International Airport,"Shanghai, China"
SHE,Shenyang Taoxian International Airport,"Shenyang, Liaoning, China"
SYX,Sanya Phoenix International Airport,"Sanya, Hainan, China"
SZX,Shenzhen Bao'an International Airport,"Shenzhen, Guangdong, China"
TAO,Qingdao Liuting International Airport,"Qingdao, Shandong, China"
TNA,Jinan Yaoqiang International Airport,"Jinan, Shandong, China"
TPE,Taiwan Taoyuan International Airport,"Taoyuan, Taiwan"
TSA,Taipei Songshan Airport,"Taipei, Taiwan"
TSN,Tianjin Binhai International Airport,"Tianjin, China"
TYN,Taiyuan Wusu International Airport,"Taiyuan, Shanxi, China"
ULN,Buyant-Ukhaa International Airport,"Ulaanbaatar, Mongolia"
URC,Ürümqi Diwopu International Airport,"Ürümqi, Xinjiang, China"
UUS,Yuzhno-Sakhalinsk Airport (Khomutovo Airport),"Yuzhno-Sakhalinsk, Sakhalin Oblast, Russia"
VVO,Vladivostok International Airport,"Vladivostok, Primorsky Krai, Russia"
WUH,Wuhan Tianhe International Airport,"Wuhan, Hubei, China"
XIY,Xi'an Xianyang International Airport,"Xi'an, Shaanxi, China"
XMN,Xiamen Gaoqi International Airport,"Xiamen, Fujian, China"
ADL,Adelaide Airport,"Adelaide, South Australia, Australia"
AKL,Auckland Airport,"Auckland, New Zealand"
APW,Faleolo International Airport,"Apia, Upolu Island, Samoa"
BNE,Brisbane Airport,"Brisbane, Queensland, Australia"
CHC,Christchurch International Airport,"Christchurch, New Zealand"
CNS,Cairns Airport,"Cairns, Queensland, Australia"
CXI,Cassidy International Airport,"Christmas Island, Kiribati"
DRW,Darwin International Airport,"Darwin, Northern Territory, Australia"
FUN,Funafuti International Airport,"Funafuti, Tuvalu"
FUT,Pointe Vele Airport,"Futuna Island, Wallis and Futuna"
HIR,Honiara International Airport,"Honiara, Guadalcanal, Solomon Islands"
INU,Nauru International Airport,"Yaren, Nauru"
IUE,Niue International Airport (Hanan Int'l),"Alofi, Niue"
KSA,Kosrae International Airport (FAA: TTK),"Kosrae, Federated States of Micronesia"
MAJ,Marshall Islands International Airport (Amata Kabua Int'l),"Majuro, Marshall Islands"
MEL,Melbourne Airport,"Melbourne, Victoria, Australia"
NAN,Nadi International Airport,"Nadi, Fiji"
NLK,Norfolk Island Airport,"Norfolk Island, Australia"
NOU,La Tontouta International Airport,"Nouméa, New Caledonia"
OOL,Gold Coast Airport (Coolangatta Airport),"Gold Coast, Queensland, Australia"
PER,Perth Airport,"Perth, Western Australia, Australia"
PNI,Pohnpei International Airport,"Pohnpei, Federated States of Micronesia"
POM,Jacksons International Airport,"Port Moresby, Papua New Guinea"
PPG,Pago Pago International Airport,"Pago Pago, American Samoa"
PPT,Fa'a'ā International Airport,"Papeete, Tahiti, French Polynesia"
RAR,Rarotonga International Airport,"Avarua, Rarotonga, Cook Islands"
ROR,Roman Tmetuchl International Airport,"Koror, Palau"
SON,Santo-Pekoa International Airport,"Luganville, Vanuatu"
SPN,Saipan International Airport (Francisco C. Ada Int'l) (FAA: GSN),"Saipan, Northern Mariana Islands"
SUV,Nausori International Airport,"Suva, Fiji"
SYD,Sydney Airport (Kingsford Smith Airport),"Sydney, New South Wales, Australia"
TBU,Fuaʻamotu International Airport,"Nukuʻalofa, Tonga"
TKK,Chuuk International Airport,"Chuuk, Federated States of Micronesia"
TRW,Bonriki International Airport,"Tarawa, Kiribati"
VLI,Bauerfield International Airport,"Port Vila, Vanuatu"
WLG,Wellington International Airport,"Wellington, New Zealand"
YAP,Yap International Airport (FAA: T11),"Yap, Federated States of Micronesia"
ZQN,Queenstown Airport,"Queenstown, New Zealand"
HNL,Honolulu International Airport,"Honolulu, Hawaii, United States"
ITO,Hilo International Airport,"Hilo, Hawaii, United States"
KOA,Kona International Airport at Keāhole,"Kailua / Kona, Hawaii, United States"
LIH,Lihue Airport,"Lihue, Hawaii, United States"
LNY,Lanai Airport,"Lanai City, Hawaii, United States"
MKK,Molokai Airport,"Kaunakakai, Hawaii, United States"
OGG,Kahului Airport,"Kahului, Hawaii, United States"
ABI,Abilene Regional Airport,"Abilene, Texas, United States"
ABR,Aberdeen Regional Airport,"Aberdeen, South Dakota, United States"
ABY,Southwest Georgia Regional Airport,"Albany, Georgia, United States"
ACT,Waco Regional Airport,"Waco, Texas, United States"
AEX,Alexandria International Airport,"Alexandria, Louisiana, United States"
AGS,Augusta Regional Airport at Bush Field,"Augusta, Georgia, United States"
ALO,Waterloo Regional Airport,"Waterloo, Iowa, United States"
AMA,Rick Husband Amarillo International Airport,"Amarillo, Texas, United States"
ATL,Hartsfield–Jackson Atlanta International Airport,"Atlanta, Georgia, United States"
ATW,Appleton International Airport,"Appleton, Wisconsin, United States"
ATY,Watertown Regional Airport,"Watertown, South Dakota, United States"
AUS,Austin–Bergstrom International Airport,"Austin, Texas, United States"
BFF,Western Nebraska Regional Airport (William B. Heilig Field),"Scottsbluff, Nebraska, United States"
BHM,Birmingham–Shuttlesworth International Airport,"Birmingham, Alabama, United States"
BIL,Billings Logan International Airport,"Billings, Montana, United States"
BIS,Bismarck Municipal Airport,"Bismarck, North Dakota, United States"
BJI,Bemidji Regional Airport,"Bemidji, Minnesota, United States"
BKG,Branson Airport (FAA: BBG),"Branson, Missouri, United States"
BLV,MidAmerica St. Louis Airport / Scott Air Force Base,"Belleville, Illinois, United States"
BMI,Central Illinois Regional Airport,"Bloomington, Illinois, United States"
BNA,Nashville International Airport,"Nashville, Tennessee, United States"
BPT,Jack Brooks Regional Airport,"Beaumont / Port Arthur, Texas, United States"
BQK,Brunswick Golden Isles Airport,"Brunswick, Georgia, United States"
BRD,Brainerd Lakes Regional Airport,"Brainerd, Minnesota, United States"
BRL,Southeast Iowa Regional Airport,"Burlington, Iowa, United States"
BRO,Brownsville/South Padre Island International Airport,"Brownsville, Texas, United States"
BTM,Bert Mooney Airport,"Butte, Montana, United States"
BTR,Baton Rouge Metropolitan Airport (Ryan Field),"Baton Rouge, Louisiana, United States"
BYH,Arkansas International Airport,"Blytheville, Arkansas, United States"
BZN,Bozeman Yellowstone International Airport (Gallatin Field),"Bozeman, Montana, United States"
CGI,Cape Girardeau Regional Airport,"Cape Girardeau, Missouri, United States"
CHA,Chattanooga Metropolitan Airport (Lovell Field),"Chattanooga, Tennessee, United States"
CID,The Eastern Iowa Airport,"Cedar Rapids, Iowa, United States"
CLL,Easterwood Airport (Easterwood Field),"College Station, Texas, United States"
CMI,University of Illinois Willard Airport,"Champaign, Illinois, United States"
COU,Columbia Regional Airport,"Columbia, Missouri, United States"
CRP,Corpus Christi International Airport,"Corpus Christi, Texas, United States"
CSG,Columbus Airport,"Columbus, Georgia, United States"
CWA,Central Wisconsin Airport,"Wausau, Wisconsin, United States"
DAB,Daytona Beach International Airport,"Daytona Beach, Florida, United States"
DAL,Dallas Love Field,"Dallas, Texas, United States"
DBQ,Dubuque Regional Airport,"Dubuque, Iowa, United States"
DCU,Pryor Field Regional Airport,"Decatur, Alabama, United States"
DDC,Dodge City Regional Airport,"Dodge City, Kansas, United States"
DFW,Dallas/Fort Worth International Airport,"Dallas / Fort Worth, Texas, United States"
DHN,Dothan Regional Airport,"Dothan, Alabama, United States"
DIK,Dickinson Theodore Roosevelt Regional Airport,"Dickinson, North Dakota, United States"
DLH,Duluth International Airport,"Duluth, Minnesota, United States"
DSM,Des Moines International Airport,"Des Moines, Iowa, United States"
DVL,Devils Lake Regional Airport (Devils Lake Municipal Airport),"Devils Lake, North Dakota, United States"
EAR,Kearney Regional Airport,"Kearney, Nebraska, United States"
EAU,Chippewa Valley Regional Airport,"Eau Claire, Wisconsin, United States"
ECP,Northwest Florida Beaches International Airport,"Panama City, Florida, United States"
ELD,South Arkansas Regional Airport at Goodwin Field,"El Dorado, Arkansas, United States"
ELP,El Paso International Airport,"El Paso, Texas, United States"
EVV,Evansville Regional Airport,"Evansville, Indiana, United States"
EYW,Key West International Airport,"Key West, Florida, United States"
FAR,Hector International Airport,"Fargo, North Dakota, United States"
FCA,Glacier Park International Airport (FAA: GPI),"Kalispell, Montana, United States"
FLL,Fort Lauderdale–Hollywood International Airport,"Fort Lauderdale / Hollywood, Florida, United States"
FOD,Fort Dodge Regional Airport,"Fort Dodge, Iowa, United States"
FOE,Topeka Regional Airport,"Topeka, Kansas, United States"
FSD,Sioux Falls Regional Airport (Joe Foss Field),"Sioux Falls, South Dakota, United States"
FSM,Fort Smith Regional Airport,"Fort Smith, Arkansas, United States"
FWA,Fort Wayne International Airport,"Fort Wayne, Indiana, United States"
FYV,Drake Field (Fayetteville Executive Airport),"Fayetteville, Arkansas, United States"
GCK,Garden City Regional Airport,"Garden City, Kansas, United States"
GDV,Dawson Community Airport,"Glendive, Montana, United States"
GFK,Grand Forks International Airport,"Grand Forks, North Dakota, United States"
GGG,East Texas Regional Airport,"Longview, Texas, United States"
GGW,Glasgow Airport (Wokal Field),"Glasgow, Montana, United States"
GLH,Mid-Delta Regional Airport,"Greenville, Mississippi, United States"
GNV,Gainesville Regional Airport,"Gainesville, Florida, United States"
GPT,Gulfport–Biloxi International Airport,"Gulfport / Biloxi, Mississippi, United States"
GRB,Austin Straubel International Airport,"Green Bay, Wisconsin, United States"
GRI,Central Nebraska Regional Airport,"Grand Island, Nebraska, United States"
GRK,Killeen–Fort Hood Regional Airport / Robert Gray Army Airfield,"Fort Hood / Killeen, Texas, United States"
GTF,Great Falls International Airport,"Great Falls, Montana, United States"
GTR,Golden Triangle Regional Airport,"Columbus / West Point / Starkville, Mississippi, United States"
HIB,Range Regional Airport,"Hibbing, Minnesota, United States"
HLN,Helena Regional Airport,"Helena, Montana, United States"
HOT,Memorial Field Airport,"Hot Springs, Arkansas, United States"
HOU,William P. Hobby Airport,"Houston, Texas, United States"
HRL,Valley International Airport,"Harlingen, Texas, United States"
HRO,Boone County Airport,"Harrison, Arkansas, United States"
HSV,Huntsville International Airport (Carl T. Jones Field),"Huntsville, Alabama, United States"
HVR,Havre City–County Airport,"Havre, Montana, United States"
HYS,Hays Regional Airport,"Hays, Kansas, United States"
IAH,George Bush Intercontinental Airport,"Houston, Texas, United States"
ICT,Wichita Dwight D. Eisenhower National Airport,"Wichita, Kansas, United States"
IND,Indianapolis International Airport,"Indianapolis, Indiana, United States"
INL,Falls International Airport,"International Falls, Minnesota, United States"
IRK,Kirksville Regional Airport,"Kirksville, Missouri, United States"
JAN,Jackson–Evers International Airport,"Jackson, Mississippi, United States"
JAX,Jacksonville International Airport,"Jacksonville, Florida, United States"
JBR,Jonesboro Municipal Airport,"Jonesboro, Arkansas, United States"
JLN,Joplin Regional Airport,"Joplin, Missouri, United States"
JMS,Jamestown Regional Airport,"Jamestown, North Dakota, United States"
LAW,Lawton–Fort Sill Regional Airport,"Lawton, Oklahoma, United States"
LBB,Lubbock Preston Smith International Airport,"Lubbock, Texas, United States"
LBF,North Platte Regional Airport (Lee Bird Field),"North Platte, Nebraska, United States"
LBL,Liberal Mid-America Regional Airport,"Liberal, Kansas, United States"
LCH,Lake Charles Regional Airport,"Lake Charles, Louisiana, United States"
LFT,Lafayette Regional Airport,"Lafayette, Louisiana, United States"
LIT,Clinton National Airport (Adams Field),"Little Rock, Arkansas, United States"
LNK,Lincoln Airport,"Lincoln, Nebraska, United States"
LRD,Laredo International Airport,"Laredo, Texas, United States"
LSE,La Crosse Regional Airport,"La Crosse, Wisconsin, United States"
MAF,Midland International Air and Space Port,"Midland, Texas, United States"
MCI,Kansas City International Airport,"Kansas City, Missouri, United States"
MCN,Middle Georgia Regional Airport,"Macon, Georgia, United States"
MCO,Orlando International Airport,"Orlando, Florida, United States"
MCW,Mason City Municipal Airport,"Mason City, Iowa, United States"
MDW,Midway International Airport,"Chicago, Illinois, United States"
MEI,Meridian Regional Airport (Key Field),"Meridian, Mississippi, United States"
MEM,Memphis International Airport,"Memphis, Tennessee, United States"
MFE,McAllen Miller International Airport,"McAllen, Texas, United States"
MGM,Montgomery Regional Airport (Dannelly Field),"Montgomery, Alabama, United States"
MHK,Manhattan Regional Airport,"Manhattan, Kansas, United States"
MIA,Miami International Airport,"Miami, Florida, United States"
MKE,Milwaukee Mitchell International Airport,"Milwaukee, Wisconsin, United States"
MKL,McKellar–Sipes Regional Airport,"Jackson, Tennessee, United States"
MLB,Orlando Melbourne International Airport,"Melbourne, Florida, United States"
MLI,Quad Cities International Airport,"Moline, Illinois, United States"
MLU,Monroe Regional Airport,"Monroe, Louisiana, United States"
MOB,Mobile Regional Airport,"Mobile, Alabama, United States"
MOT,Minot International Airport,"Minot, North Dakota, United States"
MSL,Northwest Alabama Regional Airport,"Muscle Shoals / Florence, Alabama, United States"
MSN,Dane County Regional Airport (Truax Field),"Madison, Wisconsin, United States"
MSO,Missoula International Airport,"Missoula, Montana, United States"
MSP,Minneapolis–Saint Paul International Airport (Wold–Chamberlain Field),"Minneapolis / St Paul, Minnesota, United States"
MSY,Louis Armstrong New Orleans International Airport,"New Orleans, Louisiana, United States"
MWA,Williamson County Regional Airport,"Marion, Illinois, United States"
OKC,Will Rogers World Airport,"Oklahoma City, Oklahoma, United States"
OLF,L. M. Clayton Airport,"Wolf Point, Montana, United States"
OMA,Eppley Airfield,"Omaha, Nebraska, United States"
ORD,O'Hare International Airport,"Chicago, Illinois, United States"
PBI,Palm Beach International Airport,"West Palm Beach, Florida, United States"
PGD,Punta Gorda Airport,"Punta Gorda, Florida, United States"
PIA,General Wayne A. Downing Peoria International Airport,"Peoria, Illinois, United States"
PIB,Hattiesburg–Laurel Regional Airport,"Hattiesburg / Laurel, Mississippi, United States"
PIR,Pierre Regional Airport,"Pierre, South Dakota, United States"
PNS,Pensacola International Airport,"Pensacola, Florida, United States"
RAP,Rapid City Regional Airport,"Rapid City, South Dakota, United States"
RFD,Chicago Rockford International Airport (Greater Rockford Airport),"Rockford, Illinois, United States"
RHI,Rhinelander–Oneida County Airport,"Rhinelander, Wisconsin, United States"
RST,Rochester International Airport,"Rochester, Minnesota, United States"
RSW,Southwest Florida International Airport,"Fort Myers, Florida, United States"
SAT,San Antonio International Airport,"San Antonio, Texas, United States"
SAV,Savannah/Hilton Head International Airport,"Savannah, Georgia, United States"
SBN,South Bend International Airport,"South Bend, Indiana, United States"
SDY,Sidney–Richland Municipal Airport,"Sidney, Montana, United States"
SFB,Orlando Sanford International Airport,"Orlando, Florida, United States"
SGF,Springfield–Branson National Airport,"Springfield, Missouri, United States"
SHV,Shreveport Regional Airport,"Shreveport, Louisiana, United States"
SJT,San Angelo Regional Airport (Mathis Field),"San Angelo, Texas, United States"
SLN,Salina Regional Airport,"Salina, Kansas, United States"
SPI,Abraham Lincoln Capital Airport,"Springfield, Illinois, United States"
SPS,Wichita Falls Municipal Airport,"Wichita Falls, Texas, United States"
SRQ,Sarasota–Bradenton International Airport,"Sarasota / Bradenton, Florida, United States"
STC,St. Cloud Regional Airport,"St. Cloud, Minnesota, United States"
STL,Lambert–St. Louis International Airport,"St. Louis, Missouri, United States"
SUX,Sioux Gateway Airport (Colonel Bud Day Field),"Sioux City, Iowa, United States"
SWO,Stillwater Regional Airport,"Stillwater, Oklahoma, United States"
TBN,Waynesville-St. Robert Regional Airport (Forney Field),"Fort Leonard Wood, Missouri, United States"
TCL,Tuscaloosa Regional Airport,"Tuscaloosa, Alabama, United States"
TLH,Tallahassee International Airport,"Tallahassee, Florida, United States"
TPA,Tampa International Airport,"Tampa, Florida, United States"
TRI,Tri-Cities Regional Airport,"Bristol / Johnson City / Kingsport, Tennessee, United States"
TUL,Tulsa International Airport,"Tulsa, Oklahoma, United States"
TUP,Tupelo Regional Airport,"Tupelo, Mississippi, United States"
TXK,Texarkana Regional Airport (Webb Field),"Texarkana, Arkansas, United States"
TYR,Tyler Pounds Regional Airport,"Tyler, Texas, United States"
TYS,McGhee Tyson Airport,"Knoxville, Tennessee, United States"
UIN,Quincy Regional Airport (Baldwin Field),"Quincy, Illinois, United States"
UST,Northeast Florida Regional Airport (FAA: SGJ),"St. Augustine, Florida, United States"
VLD,Valdosta Regional Airport,"Valdosta, Georgia, United States"
VPS,Destin–Fort Walton Beach Airport / Eglin Air Force Base,"Destin / Fort Walton Beach, Florida, United States"
WYS,Yellowstone Airport,"West Yellowstone, Montana, United States"
XNA,Northwest Arkansas Regional Airport,"Fayetteville / Springdale, Arkansas, United States"
XWA,Williston Basin International Airport,"Williston, North Dakota, United States"
ABQ,Albuquerque International Sunport,"Albuquerque, New Mexico, United States"
ACV,Arcata-Eureka Airport,"Eureka / Arcata, California, United States"
ALS,San Luis Valley Regional Airport,"Alamosa, Colorado, United States"
ASE,Aspen–Pitkin County Airport (Sardy Field),"Aspen, Colorado, United States"
AZA,Phoenix–Mesa Gateway Airport (FAA: IWA),"Phoenix, Arizona, United States"
BFL,Meadows Field Airport,"Bakersfield, California, United States"
BLD,Boulder City Municipal Airport (FAA: 61B),"Boulder City, Nevada, United States"
BOI,Boise Air Terminal (Gowen Field),"Boise, Idaho, United States"
BUR,Bob Hope Airport,"Burbank, California, United States"
CCR,Buchanan Field Airport,"Concord, California, United States"
CDC,Cedar City Regional Airport,"Cedar City, Utah, United States"
CEC,Del Norte County Airport (Jack McNamara Field),"Crescent City, California, United States"
CEZ,Cortez Municipal Airport,"Cortez, Colorado, United States"
CLD,McClellan–Palomar Airport (FAA: CRQ),"Carlsbad, California, United States"
CNY,Canyonlands Field,"Moab, Utah, United States"
COD,Yellowstone Regional Airport,"Cody, Wyoming, United States"
COS,Colorado Springs Airport,"Colorado Springs, Colorado, United States"
CPR,Casper–Natrona County International Airport,"Casper, Wyoming, United States"
DEN,Denver International Airport,"Denver, Colorado, United States"
DRO,Durango–La Plata County Airport,"Durango, Colorado, United States"
EGE,Eagle County Regional Airport,"Eagle / Vail, Colorado, United States"
EKO,Elko Regional Airport,"Elko, Nevada, United States"
EUG,Eugene Airport (Mahlon Sweet Airport),"Eugene, Oregon, United States"
FAT,Fresno Yosemite International Airport,"Fresno, California, United States"
FLG,Flagstaff Pulliam Airport,"Flagstaff, Arizona, United States"
GCC,Gillette–Campbell County Airport,"Gillette, Wyoming, United States"
GCN,Grand Canyon National Park Airport,"Tusayan, Arizona, United States"
GJT,Grand Junction Regional Airport (Walker Field),"Grand Junction, Colorado, United States"
GUC,Gunnison–Crested Butte Regional Airport,"Gunnison, Colorado, United States"
HDN,Yampa Valley Airport,"Hayden, Colorado, United States"
HOB,Lea County Regional Airport,"Hobbs, New Mexico, United States"
IDA,Idaho Falls Regional Airport,"Idaho Falls, Idaho, United States"
IFP,Laughlin/Bullhead International Airport,"Bullhead City, Arizona, United States"
JAC,Jackson Hole Airport,"Jackson, Wyoming, United States"
LAR,Laramie Regional Airport,"Laramie, Wyoming, United States"
LAS,McCarran International Airport,"Las Vegas, Nevada, United States"
LAX,Los Angeles International Airport,"Los Angeles, California, United States"
LGB,Long Beach Airport,"Long Beach, California, United States"
LWS,Lewiston–Nez Perce County Airport,"Lewiston, Idaho, United States"
MFR,Rogue Valley International–Medford Airport,"Medford, Oregon, United States"
MMH,Mammoth Yosemite Airport,"Mammoth Lakes, California, United States"
MRY,Monterey Regional Airport,"Monterey, California, United States"
MTJ,Montrose Regional Airport,"Montrose, Colorado, United States"
OAK,Oakland International Airport,"Oakland, California, United States"
OGD,Ogden-Hinckley Airport,"Ogden, Utah, United States"
ONT,Ontario International Airport,"Ontario, California, United States"
OTH,Southwest Oregon Regional Airport,"North Bend, Oregon, United States"
PDT,Eastern Oregon Regional Airport,"Pendleton, Oregon, United States"
PDX,Portland International Airport,"Portland, Oregon, United States"
PGA,Page Municipal Airport,"Page, Arizona, United States"
PHX,Phoenix Sky Harbor International Airport,"Phoenix, Arizona, United States"
PIH,Pocatello Regional Airport,"Pocatello, Idaho, United States"
PRC,Ernest A. Love Field,"Prescott, Arizona, United States"
PSP,Palm Springs International Airport,"Palm Springs, California, United States"
PUB,Pueblo Memorial Airport,"Pueblo, Colorado, United States"
PVU,Provo Municipal Airport,"Provo, Utah, United States"
RDD,Redding Municipal Airport,"Redding, California, United States"
RDM,Roberts Field,"Redmond / Bend, Oregon, United States"
RIW,Central Wyoming Regional Airport,"Riverton, Wyoming, United States"
RKS,Rock Springs–Sweetwater County Airport,"Rock Springs, Wyoming, United States"
RNO,Reno–Tahoe International Airport,"Reno, Nevada, United States"
ROW,Roswell International Air Center,"Roswell, New Mexico, United States"
SAF,Santa Fe Municipal Airport,"Santa Fe, New Mexico, United States"
SAN,San Diego International Airport,"San Diego, California, United States"
SBA,Santa Barbara Municipal Airport,"Santa Barbara, California, United States"
SBP,San Luis Obispo County Regional Airport (McChesney Field),"San Luis Obispo, California, United States"
SCK,Stockton Metropolitan Airport,"Stockton, California, United States"
SFO,San Francisco International Airport,"San Francisco, California, United States"
SGU,St. George Regional Airport,"St. George, Utah, United States"
SHR,Sheridan County Airport,"Sheridan, Wyoming, United States"
SJC,San Jose International Airport,"San Jose, California, United States"
SLC,Salt Lake City International Airport,"Salt Lake City, Utah, United States"
SMF,Sacramento International Airport,"Sacramento, California, United States"
SMX,Santa Maria Public Airport (Capt. G. Allan Hancock Field),"Santa Maria, California, United States"
SNA,John Wayne Airport (Orange County Airport),"Santa Ana, California, United States"
SOW,Show Low Regional Airport,"Show Low, Arizona, United States"
STS,Charles M. Schulz–Sonoma County Airport,"Santa Rosa, California, United States"
SUN,Friedman Memorial Airport,"Hailey / Sun Valley, Idaho, United States"
TUS,Tucson International Airport,"Tucson, Arizona, United States"
TWF,Magic Valley Regional Airport (Joslin Field),"Twin Falls, Idaho, United States"
VEL,Vernal Regional Airport,"Vernal, Utah, United States"
VGT,North Las Vegas Airport,"Las Vegas, Nevada, United States"
YUM,Yuma International Airport / MCAS Yuma (FAA: NYL),"Yuma, Arizona, United States"
ADQ,Kodiak Airport,"Kodiak, Alaska, United States"
AKN,King Salmon Airport,"King Salmon, Alaska, United States"
ALW,Walla Walla Regional Airport,"Walla Walla, Washington, United States"
ANC,Ted Stevens Anchorage International Airport,"Anchorage, Alaska, United States"
BET,Bethel Airport,"Bethel, Alaska, United States"
BFI,Boeing Field/King County International Airport,"Seattle, Washington, United States"
BLI,Bellingham International Airport,"Bellingham, Washington, United States"
BRW,Wiley Post–Will Rogers Memorial Airport,"Barrow, Alaska, United States"
CDV,Merle K. (Mudhole) Smith Airport,"Cordova, Alaska, United States"
DLG,Dillingham Airport,"Dillingham, Alaska, United States"
DUT,Unalaska Airport,"Unalaska, Alaska, United States"
EAT,Pangborn Memorial Airport,"Wenatchee, Washington, United States"
ENA,Kenai Municipal Airport,"Kenai, Alaska, United States"
ESD,Orcas Island Airport (FAA: ORS),"Eastsound, Washington, United States"
FAI,Fairbanks International Airport,"Fairbanks, Alaska, United States"
FRD,Friday Harbor Airport (FAA: FHR),"Friday Harbor, Washington, United States"
GAL,Edward G. Pitka Sr. Airport,"Galena, Alaska, United States"
GEG,Spokane International Airport,"Spokane, Washington, United States"
GST,Gustavus Airport,"Gustavus, Alaska, United States"
HOM,Homer Airport,"Homer, Alaska, United States"
JNU,Juneau International Airport,"Juneau, Alaska, United States"
KLW,Klawock Airport (FAA: AKW),"Klawock, Alaska, United States"
KSM,St. Mary's Airport,"St. Mary's, Alaska, United States"
KTN,Ketchikan International Airport,"Ketchikan, Alaska, United States"
OME,Nome Airport,"Nome, Alaska, United States"
OTZ,Ralph Wien Memorial Airport,"Kotzebue, Alaska, United States"
PSC,Tri-Cities Airport,"Pasco, Washington, United States"
PSG,Petersburg James A. Johnson Airport,"Petersburg, Alaska, United States"
PUW,Pullman–Moscow Regional Airport,"Pullman / Moscow (ID), Washington, United States"
SCC,Deadhorse Airport,"Prudhoe Bay / Deadhorse, Alaska, United States"
SEA,Seattle–Tacoma International Airport,"Seattle, Washington, United States"
SIT,Sitka Rocky Gutierrez Airport,"Sitka, Alaska, United States"
UNK,Unalakleet Airport,"Unalakleet, Alaska, United States"
VDZ,Valdez Airport (Pioneer Field),"Valdez, Alaska, United States"
WRG,Wrangell Airport,"Wrangell, Alaska, United States"
YAK,Yakutat Airport,"Yakutat, Alaska, United States"
YEG,Edmonton International Airport,"Edmonton, Alberta, Canada"
YKM,Yakima Air Terminal (McAllister Field),"Yakima, Washington, United States"
YVR,Vancouver International Airport,"Vancouver, British Columbia, Canada"
YWG,Winnipeg James Armstrong Richardson International Airport,"Winnipeg, Manitoba, Canada"
YXX,Abbotsford International Airport,"Abbotsford, British Columbia, Canada"
YYC,Calgary International Airport,"Calgary, Alberta, Canada"
ANU,V. C. Bird International Airport,"Antigua, Antigua and Barbuda"
AUA,Queen Beatrix International Airport,"Aruba, Kingdom of the Netherlands"
AXA,Clayton J. Lloyd International Airport,"The Valley, British Overseas Territory of Anguilla"
AZS,Samaná El Catey International Airport,"El Catey, Dominican Republic"
BEF,Bluefields Airport,"Bluefields, Nicaragua"
BGI,Grantley Adams International Airport,"Bridgetown, Barbados"
BJX,Del Bajío International Airport (Guanajuato Int'l Airport),"León, Guanajuato, Mexico"
BOC,"Bocas del Toro ""Isla Colón"" International Airport","Bocas Town, Panama"
BQN,Rafael Hernández Airport,"Aguadilla, Puerto Rico, United States"
BZE,Philip S. W. Goldson International Airport,"Belize City, Belize"
CAP,Hugo Chávez International Airport,"Cap-Haïtien, Haiti"
CCC,Jardines del Rey Airport,"Cayo Coco, Cuba"
CFG,Jaime González Airport,"Cienfuegos, Cuba"
CJS,Abraham González International Airport,"Ciudad Juárez, Chihuahua, Mexico"
CUL,Bachigualato Federal International Airport,"Culiacán, Sinaloa, Mexico"
CUN,Cancún International Airport,"Cancún, Quintana Roo, Mexico"
CUU,General Roberto Fierro Villalobos International Airport,"Chihuahua, Chihuahua, Mexico"
CYB,Charles Kirkconnell International Airport,"Cayman Brac, British Overseas Territory of Cayman Islands"
CYO,Vilo Acuña Airport,"Cayo Largo del Sur, Cuba"
DCF,Canefield Airport,"Canefield, Dominica"
DGA,Dangriga Airport,"Dangriga, Belize"
DOM,Douglas–Charles Airport,"St Andrew Parish, Dominica"
ECI,Costa Esmeralda Airport[1],"Rivas, Nicaragua"
EIS,Terrance B. Lettsome International Airport,"Tortola, British Overseas Territory of Virgin Islands"
FPO,Grand Bahama International Airport,"Freeport, Grand Bahama, Bahamas"
FRS,Mundo Maya International Airport,"Flores, Guatemala"
GCM,Owen Roberts International Airport,"Grand Cayman, British Overseas Territory of Cayman Islands"
GDL,Guadalajara International Airport (Miguel Hidalgo y Costilla Int'l),"Guadalajara, Jalisco, Mexico"
GDT,JAGS McCartney International Airport (Grand Turk Int'l),"Grand Turk Island, British Overseas Territory
 of Turks and Caicos Islands"
GGT,Exuma International Airport,"Moss Town, Great Exuma Island, Bahamas"
GND,Maurice Bishop International Airport,"St. George's, Grenada"
GUA,La Aurora International Airport,"Guatemala City, Guatemala"
HAV,José Martí International Airport,"Havana, Cuba"
HMO,General Ignacio Pesqueira García International Airport,"Hermosillo, Sonora, Mexico"
HOG,Frank País Airport,"Holguín, Cuba"
ILS,Ilopango International Airport,"San Salvador, El Salvador"
JBQ,La Isabela International Airport (Dr. Joaquin Balaguer Int'l),"La Isabela, Dominican Republic"
KIN,Norman Manley International Airport,"Kingston, Jamaica"
LAP,Manuel Márquez de León International Airport,"La Paz, Baja California Sur, Mexico"
LIR,Daniel Oduber Quirós International Airport,"Liberia, Costa Rica"
LRM,La Romana International Airport (Casa de Campo International Airport),"La Romana, Dominican Republic"
MBJ,Sangster International Airport,"Montego Bay, Jamaica"
MEX,Mexico City International Airport,"Mexico City, Mexico"
MGA,Augusto C. Sandino International Airport,"Managua, Nicaragua"
MHH,Marsh Harbour Airport,"Marsh Harbour, Abaco Islands, Bahamas"
MID,Manuel Crescencio Rejón International Airport,"Mérida, Yucatán, Mexico"
MLM,General Francisco J. Mujica International Airport,"Morelia, Michoacán, Mexico"
MNI,John A. Osborne Airport,British Overseas Territory of Montserrat
MTY,General Mariano Escobedo International Airport,"Monterrey, Nuevo León, Mexico"
MXL,General Rodolfo Sánchez Taboada International Airport,"Mexicali, Baja California, Mexico"
MZO,Sierra Maestra Airport,"Manzanillo, Cuba"
MZT,General Rafael Buelna International Airport,"Mazatlán, Sinaloa, Mexico"
NAS,Lynden Pindling International Airport,"Nassau, New Providence, Bahamas"
NCR,San Carlos Airport[1],"San Carlos, Nicaragua"
NEV,Vance W. Amory International Airport,"Nevis, Saint Kitts and Nevis"
OAX,Xoxocotlán International Airport,"Oaxaca de Juárez, Oaxaca, Mexico"
OCJ,Ian Fleming International Airport,"Ocho Rios, Jamaica"
PAP,Toussaint L'Ouverture International Airport,"Port-au-Prince, Haiti"
PBR,Puerto Barrios Airport[1],"Puerto Barrios, Guatemala"
PLJ,Placencia Airport,"Placencia, Belize"
PLS,Providenciales International Airport,"Providenciales, British Overseas Territory
 of Turks and Caicos Islands"
PND,Punta Gorda Airport[1],"Punta Gorda, Belize"
POP,Gregorio Luperón International Airport,"San Felipe de Puerto Plata, Dominican Republic"
POS,Piarco International Airport,"Port of Spain, Trinidad and Tobago"
PSE,Mercedita Airport,"Ponce, Puerto Rico"
PTP,Pointe-à-Pitre International Airport (Le Raizet Airport),"Pointe-à-Pitre, Guadeloupe"
PTY,Tocumen International Airport,"Panama City, Panama"
PUJ,Punta Cana International Airport,"Punta Cana, Dominican Republic"
PUZ,Puerto Cabezas Airport,"Puerto Cabezas, Nicaragua"
PVR,Licenciado Gustavo Díaz Ordaz International Airport,"Puerto Vallarta, Jalisco, Mexico"
QRO,Querétaro Intercontinental Airport,"Querétaro City, Querétaro, Mexico"
RNI,Corn Island Airport,"Corn Islands, Nicaragua"
RTB,Juan Manuel Gálvez International Airport,"Roatán, Honduras"
SAL,Monseñor Óscar Arnulfo Romero International Airport,"San Salvador, El Salvador"
SAP,Ramón Villeda Morales International Airport,"San Pedro Sula, Honduras"
SCU,Antonio Maceo International Airport,"Santiago de Cuba, Cuba"
SDQ,Las Américas International Airport,"Santo Domingo, Dominican Republic"
SJD,Los Cabos International Airport,"San José del Cabo, Baja California Sur, Mexico"
SJO,Juan Santamaría International Airport,"San José, Costa Rica"
SJU,Luis Muñoz Marín International Airport,"San Juan, Puerto Rico"
SKB,Robert L. Bradshaw International Airport,"Saint Kitts, Saint Kitts and Nevis"
SLX,Salt Cay Airport[1],"Salt Cay, British Overseas Territory of Turks and Caicos Islands"
SNU,Abel Santamaría Airport,"Santa Clara, Cuba"
SPR,John Greif II Airport,"San Pedro Town, Belize"
STI,Cibao International Airport,"Santiago de los Caballeros, Dominican Republic"
STT,Cyril E. King Airport,"St. Thomas Island, United States Virgin Islands"
STX,Henry E. Rohlsen Airport,"Saint Croix, United States Virgin Islands"
SVD,Argyle International Airport,"Saint Vincent, Saint Vincent and the Grenadines"
SXM,Princess Juliana International Airport,"Sint Maarten, Kingdom of the Netherlands"
TAB,Arthur Napoleon Raymond Robinson International Airport,"Tobago, Trinidad and Tobago"
TGU,Toncontín International Airport,"Tegucigalpa, Honduras"
TGZ,Ángel Albino Corzo International Airport,"Tuxtla Gutiérrez, Chiapas, Mexico"
TIJ,Tijuana International Airport,"Tijuana, Baja California, Mexico"
UVF,Hewanorra International Airport,"Vieux Fort, Saint Lucia"
VER,General Heriberto Jara International Airport,"Veracruz, Veracruz, Mexico"
VIJ,Virgin Gorda Airport,"Virgin Gorda, British Overseas Territory of Virgin Islands"
VRA,Juan Gualberto Gómez Airport,"Varadero, Cuba"
VSA,Carlos Rovirosa Pérez International Airport,"Villahermosa, Tabasco, Mexico"
VTU,Hermanos Ameijeiras Airport[1],"Las Tunas, Cuba"
XSC,South Caicos Airport,"South Caicos, British Overseas Territory of Turks and Caicos Islands"
ADZ,Gustavo Rojas Pinilla International Airport,"San Andres Island, Colombia"
AQP,Rodríguez Ballón International Airport,"Arequipa, Peru"
BAQ,Ernesto Cortissoz International Airport,"Barranquilla, Colombia"
BLA,General José Antonio Anzoátegui International Airport,"Barcelona, Venezuela"
BOG,El Dorado International Airport,"Bogotá, Colombia"
BRM,Jacinto Lara International Airport,"Barquisimeto, Venezuela"
CAY,Cayenne – Félix Eboué Airport,"Cayenne, French Guiana"
CCS,Simón Bolívar International Airport,"Caracas, Venezuela"
CIX,FAP Captain José Abelardo Quiñones González International Airport,"Chiclayo, Peru"
CLO,Alfonso Bonilla Aragón International Airport,"Cali, Colombia"
CTG,Rafael Núñez International Airport,"Cartagena, Colombia"
CUE,Mariscal Lamar International Airport,"Cuenca, Ecuador"
CUZ,Alejandro Velasco Astete International Airport,"Cusco, Peru"
EOH,Olaya Herrera Airport,"Medellín, Colombia"
GEO,Cheddi Jagan International Airport,"Georgetown, Guyana"
GPS,Seymour Airport,"Baltra Island, Galápagos Islands, Ecuador"
GYE,José Joaquín de Olmedo International Airport,"Guayaquil, Ecuador"
IQT,Coronel FAP Francisco Secada Vignetta International Airport,"Iquitos, Peru"
JUL,Inca Manco Cápac International Airport,"Juliaca, Peru"
LDX,Saint-Laurent-du-Maroni Airport,"Saint-Laurent-du-Maroni, French Guiana"
LIM,Jorge Chávez International Airport,"Lima, Peru"
LSP,Josefa Camejo International Airport,"Punto Fijo, Venezuela"
MAR,La Chinita International Airport,"Maracaibo, Venezuela"
MDE,José María Córdova International Airport,"Medellín, Colombia"
MPY,Maripasoula Airport,"Maripasoula, French Guiana"
MUN,José Tadeo Monagas International Airport,"Maturín, Venezuela"
OGL,Ogle Airport,"Georgetown, Guyana"
PBM,Johan Adolf Pengel International Airport,"Paramaribo, Suriname"
PCL,FAP Captain David Abensur Rengifo International Airport,"Pucallpa, Peru"
PEM,Padre Aldamiz International Airport,"Puerto Maldonado, Peru"
PIU,FAP Captain Guillermo Concha Iberico International Airport,"Piura, Peru"
PMV,Santiago Mariño Caribbean International Airport,"Porlamar, Venezuela"
PZO,Manuel Carlos Piar Guayana Airport,"Ciudad Guayana / Puerto Ordaz, Venezuela"
SCY,San Cristóbal Airport,"San Cristóbal Island, Galápagos Islands, Ecuador"
SMR,Simón Bolívar International Airport,"Santa Marta, Colombia"
STD,Mayor Buenaventura Vivas Airport,"Santo Domingo, Táchira, Venezuela"
TCQ,Coronel FAP Carlos Ciriani Santa Rosa International Airport[1],"Tacna, Peru"
TPP,Cad. FAP Guillermo del Castillo Paredes Airport[1],"Tarapoto, Peru"
TRU,FAP Captain Carlos Martínez de Pinillos International Airport,"Trujillo, Peru"
UIO,Mariscal Sucre International Airport,"Quito, Ecuador"
VLN,Arturo Michelena International Airport,"Valencia, Venezuela"
XAU,Saül Airport,"Saül, French Guiana"
BEL,Val de Cans International Airport,"Belém, Pará, Brazil"
BSB,Brasília International Airport (Presidente J. Kubitschek Int'l Airport),"Brasília, Distrito Federal, Brazil"
CGH,São Paulo/Congonhas–Deputado Freitas Nobre Airport,"São Paulo, São Paulo, Brazil"
CNF,Tancredo Neves International Airport (Confins Int'l Airport),"Belo Horizonte, Minas Gerais, Brazil"
CWB,Afonso Pena International Airport,"Curitiba, Paraná, Brazil"
FLN,Hercílio Luz International Airport,"Florianópolis, Santa Catarina, Brazil"
FOR,Pinto Martins – Fortaleza International Airport,"Fortaleza, Ceará, Brazil"
GIG,Rio de Janeiro–Galeão International Airport,"Rio de Janeiro, Brazil"
GRU,São Paulo/Guarulhos–Governador André Franco Montoro International Airport,"São Paulo, Brazil"
IGU,Foz do Iguaçu International Airport,"Foz do Iguaçu, Paraná, Brazil"
MAO,Eduardo Gomes International Airport,"Manaus, Amazonas, Brazil"
POA,Salgado Filho International Airport,"Porto Alegre, Rio Grande do Sul, Brazil"
REC,Recife/Guararapes–Gilberto Freyre International Airport,"Recife, Pernambuco, Brazil"
SDU,Santos Dumont Airport,"Rio de Janeiro, Rio de Janeiro, Brazil"
SSA,Deputado Luís Eduardo Magalhães International Airport,"Salvador, Bahia, Brazil"
VCP,Viracopos/Campinas International Airport,"São Paulo / Campinas, São Paulo, Brazil"
VIX,Eurico de Aguiar Salles Airport,"Vitória, Espírito Santo, Brazil"
AEP,Jorge Newbery Airpark,"Buenos Aires, Argentina"
AGT,Guaraní International Airport,"Ciudad del Este, Paraguay"
ANF,Cerro Moreno International Airport,"Antofagasta, Chile"
ARI,Chacalluta International Airport,"Arica, Chile"
ASU,Silvio Pettirossi International Airport,"Asunción, Paraguay"
BRC,San Carlos de Bariloche Airport,"San Carlos de Bariloche, Río Negro, Argentina"
CBB,Jorge Wilstermann International Airport,"Cochabamba, Bolivia"
CCP,Carriel Sur International Airport,"Concepción, Chile"
CJC,El Loa Airport,"Calama, Chile"
COR,Ingeniero Aeronáutico Ambrosio L.V. Taravella International Airport (Pajas Blancas),"Córdoba, Córdoba, Argentina"
CRD,General Enrique Mosconi International Airport,"Comodoro Rivadavia, Chubut, Argentina"
EPA,El Palomar Airport[1],"El Palomar, Buenos Aires, Argentina"
EZE,Ministro Pistarini International Airport,"Buenos Aires, Argentina"
FTE,Comandante Armando Tola International Airport,"El Calafate, Santa Cruz, Argentina"
IGR,Cataratas del Iguazú International Airport,"Puerto Iguazú, Misiones, Argentina"
IPC,Mataveri International Airport (Isla de Pascua Airport),"Easter Island, Chile"
IQQ,Diego Aracena International Airport,"Iquique, Chile"
LPB,El Alto International Airport,"La Paz, Bolivia"
LSC,La Florida Airport,"La Serena, Chile"
MDZ,Gov. Francisco Gabrielli International Airport (El Plumerillo),"Mendoza, Mendoza, Argentina"
MVD,Carrasco Gral. Cesáreo L. Berisso International Airport,"Montevideo, Uruguay"
NQN,Presidente Perón International Airport,"Neuquén, Neuquén, Argentina"
PDP,Capitán de Corbeta Carlos A. Curbelo International Airport,"Punta del Este, Uruguay"
PMC,El Tepual Airport,"Puerto Montt, Chile"
PUQ,Presidente Carlos Ibáñez del Campo International Airport,"Punta Arenas, Chile"
ROS,Rosario – Islas Malvinas International Airport,"Rosario, Santa Fe, Argentina"
SCL,Comodoro Arturo Merino Benítez International Airport,"Santiago, Chile"
SLA,Martín Miguel de Güemes International Airport,"Salta, Salta, Argentina"
TUC,Teniente General Benjamín Matienzo International Airport,"San Miguel de Tucumán, Tucumán, Argentina"
USH,Ushuaia – Malvinas Argentinas International Airport,"Ushuaia, Tierra del Fuego, Argentina"
VVI,Viru Viru International Airport,"Santa Cruz de la Sierra, Bolivia"
ZCO,La Araucanía Airport,"Temuco, Chile"
AAL,Aalborg Airport,"Aalborg, Denmark"
AAR,Aarhus Airport,"Aarhus, Denmark"
ABZ,Aberdeen Airport,"Aberdeen, Scotland, United Kingdom"
AES,"Ålesund Airport, Vigra","Ålesund, Norway"
AEY,Akureyri Airport,"Akureyri, Iceland"
ARN,Stockholm Arlanda Airport,"Stockholm, Sweden"
BGO,"Bergen Airport, Flesland","Bergen, Norway"
BHD,George Best Belfast City Airport,"Belfast, Northern Ireland, United Kingdom"
BHX,Birmingham Airport,"Birmingham, England, United Kingdom"
BIU,Bíldudalur Airport,"Bíldudalur, Iceland"
BLL,Billund Airport,"Billund, Denmark"
BMA,Stockholm Bromma Airport,"Stockholm, Sweden"
BRS,Bristol Airport,"Bristol, England, United Kingdom"
CFN,Donegal Airport,"Donegal, Ireland"
CPH,"Copenhagen Airport, Kastrup","Copenhagen, Denmark"
CWL,Cardiff Airport,"Cardiff, Wales, United Kingdom"
DUB,Dublin Airport,"Dublin, Ireland"
EDI,Edinburgh Airport,"Edinburgh, Scotland, United Kingdom"
EGS,Egilsstaðir Airport,"Egilsstaðir, Iceland"
EMA,East Midlands Airport,"Nottingham / Leicester / Derby, England, United Kingdom"
EVE,"Harstad/Narvik Airport, Evenes","Harstad / Narvik, Norway"
GJR,Gjögur Airport,"Gjögur, Iceland"
GLA,Glasgow Airport,"Glasgow, Scotland, United Kingdom"
GOT,Göteborg Landvetter Airport,"Gothenburg, Sweden"
GRY,Grímsey Airport,"Grímsey, Iceland"
HAU,"Haugesund Airport, Karmøy","Haugesund, Norway"
HEL,Helsinki Airport (Helsinki-Vantaa Airport),"Helsinki, Finland"
HFN,Hornafjörður Airport,"Höfn, Iceland"
HZK,Húsavík Airport,"Húsavík, Iceland"
IFJ,Ísafjörður Airport,"Ísafjörður, Iceland"
IOM,Isle of Man Airport (Ronaldsway Airport),"Isle of Man, United Kingdom"
IVL,Ivalo Airport,"Ivalo, Finland"
JER,Jersey Airport,"Jersey, Channel Islands, United Kingdom"
KEF,Keflavík International Airport,"Reykjavík, Iceland"
KIR,Kerry Airport (Farranfore Airport),"Kerry, Ireland"
KOK,Kokkola-Pietarsaari Airport,"Kokkola / Jakobstad, Finland"
KRS,"Kristiansand Airport, Kjevik","Kristiansand, Norway"
LBA,Leeds Bradford Airport,"Leeds / Bradford, England, United Kingdom"
LCY,London City Airport,"London, England, United Kingdom"
LGW,Gatwick Airport,"London, England, United Kingdom"
LHR,Heathrow Airport,"London, England, United Kingdom"
LLA,Luleå Airport (Kallax Airport),"Luleå, Sweden"
LPL,Liverpool John Lennon Airport,"Liverpool, England, United Kingdom"
LTN,Luton Airport,"London, England, United Kingdom"
MAN,Manchester Airport,"Manchester, England, United Kingdom"
MMK,Murmansk Airport,"Murmansk, Murmansk Oblast, Russia"
MMX,Malmö Airport,"Malmö, Sweden"
MOL,"Molde Airport, Årø","Molde, Norway"
NCL,Newcastle Airport,"Newcastle upon Tyne, England, United Kingdom"
NOC,Ireland West Airport Knock,"Knock, Ireland"
NYO,Stockholm Skavsta Airport,"Stockholm / Nyköping, Sweden"
ORK,Cork Airport,"Cork, Ireland"
OSL,"Oslo Airport, Gardermoen","Oslo, Norway"
OUL,Oulu Airport,"Oulu, Finland"
RKV,Reykjavík Airport,"Reykjavík, Iceland"
RVN,Rovaniemi Airport,"Rovaniemi, Finland"
SEN,London Southend Airport,"London / Southend, England, United Kingdom"
SNN,Shannon Airport,"Shannon, Ireland"
SOU,Southampton Airport,"Southampton, England, United Kingdom"
STN,London Stansted Airport,"London, England, United Kingdom"
SVG,"Stavanger Airport, Sola","Stavanger, Norway"
TAY,Tartu Airport,"Tartu, Estonia"
THO,Thorshofn Airport,"Thorshofn (Þórshöfn), Iceland"
TKU,Turku Airport,"Turku, Finland"
TLL,Tallinn Airport (Lennart Meri Tallinn Airport),"Tallinn, Estonia"
TMP,Tampere–Pirkkala Airport,"Tampere, Finland"
TOS,"Tromsø Airport, Langnes","Tromsø, Norway"
TRD,"Trondheim Airport, Værnes","Trondheim, Norway"
TRF,"Sandefjord Airport, Torp","Sandefjord / Oslo, Norway"
UME,Umeå Airport,"Umeå, Sweden"
VAA,Vaasa Airport,"Vaasa, Finland"
VEY,Vestmannaeyjar Airport,"Vestmannaeyjar, Iceland"
VPN,Vopnafjörður Airport,"Vopnafjörður, Iceland"
VXO,Växjö/Kronoberg Airport,"Växjö, Sweden"
UBN,Chinggis Khaan International Airport,"Ulaanbaatar, Mongolia"
SAI,Siem Reap–Angkor International Airport,"Siem Reap, Cambodia"